key,creation_moment,title,body,author,email
chirp-01,2004/02/29 17:30,Chirp1,"Lorem ipsum dolor sit amet,consectetur adipiscing elit. Ut ultrices dui sit amet turpis aliquet,at finibus sem gravida.",Pepe Pérez,mail@mail.com
chirp-02,2005/02/28 17:30,Chirp2,"Lorem ipsum dolor sit amet,consectetur adipiscing elit. Ut ultrices dui sit amet turpis aliquet,at finibus sem gravida.",Pepe Pérez,mail@mail.com
chirp-03,0001/01/01 15:45,Chirp3,"Lorem ipsum dolor sit amet,consectetur adipiscing elit. Ut ultrices dui sit amet turpis aliquet,at finibus sem gravida.",Pepe Pérez,mail@mail.com
chirp-04,2022/03/18 19:15,Chirp4,"Lorem ipsum dolor sit amet,consectetur adipiscing elit. Ut ultrices dui sit amet turpis aliquet,at finibus sem gravida.",Pepe Pérez,mail@mail.com
chirp-05,2000/03/16 23:59,Chirp5,"Lorem ipsum dolor sit amet,consectetur adipiscing elit. Ut ultrices dui sit amet turpis aliquet,at finibus sem gravida.",Pepe Pérez,mail@mail.com
chirp-06,2015/07/31 16:20,Chirp6,"Lorem ipsum dolor sit amet,consectetur adipiscing elit. Ut ultrices dui sit amet turpis aliquet,at finibus sem gravida.",Pepe Pérez,mail@mail.com
chirp-07,2005/02/28 00:00,Chirp7,"Lorem ipsum dolor sit amet,consectetur adipiscing elit. Ut ultrices dui sit amet turpis aliquet,at finibus sem gravida.",Pepe Pérez,mail@mail.com
chirp-08,2005/04/30 17:30,Chirp8,"Lorem ipsum dolor sit amet,consectetur adipiscing elit. Ut ultrices dui sit amet turpis aliquet,at finibus sem gravida.",Pepe Pérez,mail@mail.com
chirp-09,2004/02/29 17:30,9,"Lorem ipsum dolor sit amet,consectetur adipiscing elit. Ut ultrices dui sit amet turpis aliquet,at finibus sem gravida.",Pepe Pérez,mail@mail.com
chirp-10,2005/02/28 17:30,10,"Lorem ipsum dolor sit amet,consectetur adipiscing elit. Ut ultrices dui sit amet turpis aliquet,at finibus sem gravida.",Pepe Pérez,mail@mail.com
chirp-11,0001/01/01 15:45,A,"Lorem ipsum dolor sit amet,consectetur adipiscing elit. Ut ultrices dui sit amet turpis aliquet,at finibus sem gravida.",Pepe Pérez,mail@mail.com
chirp-12,2022/03/18 19:15,Chirp12Chirp12Chirp12Chirp12Chirp12Chirp12Chirp12Chirp12Chirp12Chirp12Chirp12Chirp12Chirp12Chirp12Ch,"Lorem ipsum dolor sit amet,consectetur adipiscing elit. Ut ultrices dui sit amet turpis aliquet,at finibus sem gravida.",Pepe Pérez,mail@mail.com
chirp-13,2000/03/16 23:59,Chirp13Chirp13Chirp13Chirp13Chirp13Chirp13Chirp13Chirp13Chirp13Chirp13Chirp13Chirp13Chirp13Chirp13C,"Lorem ipsum dolor sit amet,consectetur adipiscing elit. Ut ultrices dui sit amet turpis aliquet,at finibus sem gravida.",Pepe Pérez,mail@mail.com
chirp-14,2015/07/31 16:20,"¿?¡!.,:;-_&%@#|ªº={}ç[]()","Lorem ipsum dolor sit amet,consectetur adipiscing elit. Ut ultrices dui sit amet turpis aliquet,at finibus sem gravida.",Pepe Pérez,mail@mail.com
chirp-15,2005/02/28 00:00,áéíóúü,"Lorem ipsum dolor sit amet,consectetur adipiscing elit. Ut ultrices dui sit amet turpis aliquet,at finibus sem gravida.",Pepe Pérez,mail@mail.com
chirp-16,2005/04/30 17:30,´·ñ^*`><,"Lorem ipsum dolor sit amet,consectetur adipiscing elit. Ut ultrices dui sit amet turpis aliquet,at finibus sem gravida.",Pepe Pérez,mail@mail.com
chirp-17,2004/02/29 17:30,9,.,Pepe Pérez,mail@mail.com
chirp-18,2005/02/28 17:30,10,10.5,Pepe Pérez,mail@mail.com
chirp-19,0001/01/01 15:45,A,a,Pepe Pérez,mail@mail.com
chirp-20,2022/03/18 19:15,Chirp20Chirp20Chirp20Chirp20Chirp20Chirp20Chirp20Chirp20Chirp20Chirp20Chirp20Chirp20Chirp20Chirp20Ch,"Lorem ipsum dolor sit amet, consectetur adipiscing elit. Proin egestas dui ac rhoncus elementum. Sed id leo congue, varius enim eu, ultrices orci. Fusce molestie non ligula id vestibulum. In ornare viverra mauris, non iaculis ipsum interdum eget. Suspen",Pepe Pérez,mail@mail.com
chirp-21,2000/03/16 23:59,Chirp21Chirp21Chirp21Chirp21Chirp21Chirp21Chirp21Chirp21Chirp21Chirp21Chirp21Chirp21Chirp21Chirp21C,"Lorem ipsum dolor sit amet, consectetur adipiscing elit. Proin egestas dui ac rhoncus elementum. Sed id leo congue, varius enim eu, ultrices orci. Fusce molestie non ligula id vestibulum. In ornare viverra mauris, non iaculis ipsum interdum eget. Suspe",Pepe Pérez,mail@mail.com
chirp-22,2015/07/31 16:20,"¿?¡!.,:;-_&%@#|ªº={}ç[]()",...,Pepe Pérez,mail@mail.com
chirp-23,2005/02/28 00:00,áéíóúü,"¿?¡!.,:;-_&%@#|ªº={}ç[]()",Pepe Pérez,mail@mail.com
chirp-24,2005/04/30 17:30,´·ñ^*`><,áéíóúü,Pepe Pérez,mail@mail.com
chirp-25,2004/02/29 17:30,9,.,a,mail@mail.com
chirp-26,2005/02/28 17:30,10,10.5,fs,mail@mail.com
chirp-27,0001/01/01 15:45,A,a,.,mail@mail.com
chirp-28,2022/03/18 19:15,Chirp20Chirp28Chirp28Chirp28Chirp28Chirp28Chirp28Chirp20Chirp28Chirp28Chirp28Chirp28Chirp28Chirp28Ch,"Lorem ipsum dolor sit amet, consectetur adipiscing elit. Proin egestas dui ac rhoncus elementum. Sed id leo congue, varius enim eu, ultrices orci. Fusce molestie non ligula id vestibulum. In ornare viverra mauris, non iaculis ipsum interdum eget. Suspen",Chirp20Chirp28Chirp28Chirp28Chirp28Chirp28Chirp28Chirp20Chirp28Chirp28Chirp28Chirp28Chirp28Chirp28Ch,mail@mail.com
chirp-29,2000/03/16 23:59,Chirp29Chirp29Chirp29Chirp29Chirp29Chirp29Chirp29Chirp29Chirp29Chirp29Chirp29Chirp29Chirp29Chirp29C,"Lorem ipsum dolor sit amet, consectetur adipiscing elit. Proin egestas dui ac rhoncus elementum. Sed id leo congue, varius enim eu, ultrices orci. Fusce molestie non ligula id vestibulum. In ornare viverra mauris, non iaculis ipsum interdum eget. Suspe",Chirp29Chirp29Chirp29Chirp29Chirp29Chirp29Chirp29Chirp29Chirp29Chirp29Chirp29Chirp29Chirp29Chirp29C,mail@mail.com
chirp-30,2015/07/31 16:20,"¿?¡!.,:;-_&%@#|ªº={}ç[]()",...,"¿?¡!.,:;-_&%@#|ªº={}ç[]()",mail@mail.com
chirp-31,2005/02/28 00:00,áéíóúü,"¿?¡!.,:;-_&%@#|ªº={}ç[]()",áéíóúü,mail@mail.com
chirp-32,2005/04/30 17:30,´·ñ^*`><,áéíóúü,´·ñ^*`><,mail@mail.es
chirp-33,2005/04/30 17:30,´·ñ^*`><,áéíóúü,a,fdsfds.d@fds.era
chirp-34,2004/02/29 17:30,9,.,fd,d@d.f
chirp-35,2005/02/28 17:30,10,10.5,.,afd.dfdfdsf@f.s
chirp-36,0001/01/01 15:45,A,a,1,SFKFJ@JK.KJF
chirp-37,2022/03/18 19:15,Chirp37Chirp37Chirp37Chirp37Chirp37Chirp37Chirp37Chirp37Chirp37Chirp37Chirp37Chirp37Chirp37Chirp37Ch,"Lorem ipsum dolor sit amet, consectetur adipiscing elit. Proin egestas dui ac rhoncus elementum. Sed id leo congue, varius enim eu, ultrices orci. Fusce molestie non ligula id vestibulum. In ornare viverra mauris, non iaculis ipsum interdum eget. Suspen",Chirp37Chirp37Chirp37Chirp37Chirp37Chirp37Chirp37Chirp37Chirp37Chirp37Chirp37Chirp37Chirp37Chirp37Ch,mail@mail.es
chirp-38,2000/03/16 23:59,Chirp38Chirp38Chirp38Chirp38Chirp38Chirp38Chirp38Chirp38Chirp38Chirp38Chirp38Chirp38Chirp38Chirp38C,"Lorem ipsum dolor sit amet, consectetur adipiscing elit. Proin egestas dui ac rhoncus elementum. Sed id leo congue, varius enim eu, ultrices orci. Fusce molestie non ligula id vestibulum. In ornare viverra mauris, non iaculis ipsum interdum eget. Suspe",Chirp38Chirp38Chirp38Chirp38Chirp38Chirp38Chirp38Chirp38Chirp38Chirp38Chirp38Chirp38Chirp38Chirp38C,fdsfds.d@fds.era
chirp-39,2015/07/31 16:20,"¿?¡!.,:;-_&%@#|ªº={}ç[]()",...,"¿?¡!.,:;-_&%@#|ªº={}ç[]()",d@d.f
chirp-40,2005/02/28 00:00,áéíóúü,"¿?¡!.,:;-_&%@#|ªº={}ç[]()",áéíóúü,afd.dfdfdsf@f.s
chirp-41,2005/04/30 17:30,´·ñ^*`><,áéíóúü,´·ñ^*`><,SFKFJ@JK.KJF